id,conversation_id,created_at,date,time,timezone,user_id,username,name,place,tweet,mentions,urls,photos,replies_count,retweets_count,likes_count,hashtags,cashtags,link,retweet,quote_url,video,near,geo,source,user_rt_id,user_rt,retweet_id,reply_to,retweet_date,translate,trans_src,trans_dest
1231651294042972160,1231651294042972160,1582483526000,2020-02-23,19:45:26,W. Europe Standard Time,25073877,realdonaldtrump,Donald J. Trump,,"Are any Democrat operatives, the DNC, or Crooked Hillary Clinton, blaming Russia, Russia, Russia for the Bernie Sanders win in Nevada. If so I suggest calling Bob Mueller & the 13 Angry Democrats to do a new Mueller Report, Democrat Edition. Bob will get to the bottom of it!",[],[],[],1922,3451,11690,[],[],https://twitter.com/realDonaldTrump/status/1231651294042972160,False,,0,,,,,,,"[{'user_id': '25073877', 'username': 'realDonaldTrump'}]",,,,
1231647192181460993,1231647192181460993,1582482548000,2020-02-23,19:29:08,W. Europe Standard Time,25073877,realdonaldtrump,Donald J. Trump,,"Somebody please tell incompetent (thanks for my high poll numbers) & corrupt politician Adam ‚ÄúShifty‚Äù Schiff to stop leaking Classified information or, even worse, made up information, to the Fake News Media. Someday he will be caught, & that will be a very unpleasant experience!",[],[],[],3947,6583,23441,[],[],https://twitter.com/realDonaldTrump/status/1231647192181460993,False,,0,,,,,,,"[{'user_id': '25073877', 'username': 'realDonaldTrump'}]",,,,
1231643186717544448,1231643186717544448,1582481593000,2020-02-23,19:13:13,W. Europe Standard Time,25073877,realdonaldtrump,Donald J. Trump,,"Look forward to being with all of my friends and supporters @CPAC on Saturday, February 29th! #KAG2020 pic.twitter.com/9bpnIzFnws",['cpac'],[],['https://pbs.twimg.com/media/ERes8ClVAAAT47S.jpg'],1913,3774,15970,['#kag2020'],[],https://twitter.com/realDonaldTrump/status/1231643186717544448,False,,0,,,,,,,"[{'user_id': '25073877', 'username': 'realDonaldTrump'}, {'user_id': '120295432', 'username': 'CPAC'}]",,,,
1231598268489973761,1231598268489973761,1582470883000,2020-02-23,16:14:43,W. Europe Standard Time,25073877,realdonaldtrump,Donald J. Trump,,Departing for India with Melania! pic.twitter.com/sZhb3E1AoB,[],[],[],14657,17408,102838,[],[],https://twitter.com/realDonaldTrump/status/1231598268489973761,False,,1,,,,,,,"[{'user_id': '25073877', 'username': 'realDonaldTrump'}]",,,,
1231397086551314432,1231397086551314432,1582422918000,2020-02-23,02:55:18,W. Europe Standard Time,25073877,realdonaldtrump,Donald J. Trump,,Just another Shifty Schiff leak. Isn‚Äôt there a law about this stuff? https://twitter.com/cbs_herridge/status/1231353596811325440¬†‚Ä¶,[],['https://twitter.com/cbs_herridge/status/1231353596811325440'],[],9177,18228,63616,[],[],https://twitter.com/realDonaldTrump/status/1231397086551314432,False,https://twitter.com/CBS_Herridge/status/1231353596811325440,0,,,,,,,"[{'user_id': '25073877', 'username': 'realDonaldTrump'}]",,,,
1231372451893972993,1231372451893972993,1582417044000,2020-02-23,01:17:24,W. Europe Standard Time,25073877,realdonaldtrump,Donald J. Trump,,‚ÄúThe Kremlin is reportedly backing Bernie Sanders bid to win the White House.‚Äù Jon Scott  @FoxNews  Why didn‚Äôt somebody tell me this?,['foxnews'],[],[],16081,22540,95458,[],[],https://twitter.com/realDonaldTrump/status/1231372451893972993,False,,0,,,,,,,"[{'user_id': '25073877', 'username': 'realDonaldTrump'}, {'user_id': '1367531', 'username': 'FoxNews'}]",,,,
1231366964611866625,1231366964611866625,1582415736000,2020-02-23,00:55:36,W. Europe Standard Time,25073877,realdonaldtrump,Donald J. Trump,,"Looks like Crazy Bernie is doing well in the Great State of Nevada. Biden & the rest look weak, & no way Mini Mike can restart his campaign after the worst debate performance in the history of Presidential Debates. Congratulations Bernie, & don‚Äôt let them take it away from you!",[],[],[],14063,23490,116455,[],[],https://twitter.com/realDonaldTrump/status/1231366964611866625,False,,0,,,,,,,"[{'user_id': '25073877', 'username': 'realDonaldTrump'}]",,,,
1231345462793441280,1231345462793441280,1582410610000,2020-02-22,23:30:10,W. Europe Standard Time,25073877,realdonaldtrump,Donald J. Trump,,Look so forward to being with my great friends in INDIA! https://twitter.com/solmemes1/status/1231326273894526976¬†‚Ä¶,[],['https://twitter.com/solmemes1/status/1231326273894526976'],[],14735,43614,171322,[],[],https://twitter.com/realDonaldTrump/status/1231345462793441280,False,https://twitter.com/Solmemes1/status/1231326273894526976,0,,,,,,,"[{'user_id': '25073877', 'username': 'realDonaldTrump'}]",,,,
1231302822785953792,1231302822785953792,1582400444000,2020-02-22,20:40:44,W. Europe Standard Time,25073877,realdonaldtrump,Donald J. Trump,, pic.twitter.com/tOBcudSlcl,[],[],[],11042,23098,89795,[],[],https://twitter.com/realDonaldTrump/status/1231302822785953792,False,,1,,,,,,,"[{'user_id': '25073877', 'username': 'realDonaldTrump'}]",,,,
1231236777744257024,1231236777744257024,1582384697000,2020-02-22,16:18:17,W. Europe Standard Time,25073877,realdonaldtrump,Donald J. Trump,,"Democrats in the Great State of Nevada (Which, because of the Economy, Jobs, the Military & Vets, I will win in November), be careful of Russia, Russia, Russia. According to Corrupt politician Adam ‚ÄúShifty‚Äù Schiff, they are pushing for Crazy Bernie Sanders to win. Vote!",[],[],[],17473,21202,91388,[],[],https://twitter.com/realDonaldTrump/status/1231236777744257024,False,,0,,,,,,,"[{'user_id': '25073877', 'username': 'realDonaldTrump'}]",,,,
1231221743647436801,1231221743647436801,1582381113000,2020-02-22,15:18:33,W. Europe Standard Time,25073877,realdonaldtrump,Donald J. Trump,,‚ÄúAn investigation into NOTHING.‚Äù The wonderful @trish_regan on the Mueller Witch Hunt!,['trish_regan'],[],[],6894,12846,57433,[],[],https://twitter.com/realDonaldTrump/status/1231221743647436801,False,,0,,,,,,,"[{'user_id': '25073877', 'username': 'realDonaldTrump'}, {'user_id': '138182116', 'username': 'trish_regan'}]",,,,
1231070547607511040,1231070547607511040,1582345065000,2020-02-22,05:17:45,W. Europe Standard Time,25073877,realdonaldtrump,Donald J. Trump,,"Incredible people, great Rally! https://twitter.com/teamtrump/status/1230978704114884610¬†‚Ä¶",[],['https://twitter.com/teamtrump/status/1230978704114884610'],[],7252,20492,87903,[],[],https://twitter.com/realDonaldTrump/status/1231070547607511040,False,https://twitter.com/TeamTrump/status/1230978704114884610,0,,,,,,,"[{'user_id': '25073877', 'username': 'realDonaldTrump'}]",,,,
1231065736807944192,1231065736807944192,1582343918000,2020-02-22,04:58:38,W. Europe Standard Time,25073877,realdonaldtrump,Donald J. Trump,,Good luck Angela! https://twitter.com/theangiestanton/status/1230909385024659461¬†‚Ä¶,[],['https://twitter.com/theangiestanton/status/1230909385024659461'],[],1467,15395,55237,[],[],https://twitter.com/realDonaldTrump/status/1231065736807944192,False,https://twitter.com/theangiestanton/status/1230909385024659461,0,,,,,,,"[{'user_id': '25073877', 'username': 'realDonaldTrump'}]",,,,
1231064642514030594,1231064642514030594,1582343657000,2020-02-22,04:54:17,W. Europe Standard Time,25073877,realdonaldtrump,Donald J. Trump,,"Simply put, he choked! https://twitter.com/byronyork/status/1230885645310140417¬†‚Ä¶",[],['https://twitter.com/byronyork/status/1230885645310140417'],[],2627,9682,42415,[],[],https://twitter.com/realDonaldTrump/status/1231064642514030594,False,https://twitter.com/ByronYork/status/1230885645310140417,0,,,,,,,"[{'user_id': '25073877', 'username': 'realDonaldTrump'}]",,,,
1231062039617064960,1231062038979411970,1582343036000,2020-02-22,04:43:56,W. Europe Standard Time,25073877,realdonaldtrump,Donald J. Trump,,"....The reason for this is that the Do Nothing Democrats, using disinformation Hoax number 7, don‚Äôt want Bernie Sanders to get the Democrat Nomination, and they figure this would be very bad for his chances. It‚Äôs all rigged, again, against Crazy Bernie Sanders!",[],[],[],3062,10881,43491,[],[],https://twitter.com/realDonaldTrump/status/1231062039617064960,False,,0,,,,,,,"[{'user_id': '25073877', 'username': 'realDonaldTrump'}]",,,,
1231062038979411970,1231062038979411970,1582343036000,2020-02-22,04:43:56,W. Europe Standard Time,25073877,realdonaldtrump,Donald J. Trump,,"MSDNC (Comcast Slime), @CNN and others of the Fake Media, have now added Crazy Bernie to the list of Russian Sympathizers, along with @TulsiGabbard & Jill Stein (of the Green Party), both agents of Russia, they say. But now they report President Putin wants Bernie (or me) to win.","['cnn', 'tulsigabbard']",[],[],5488,15658,59571,[],[],https://twitter.com/realDonaldTrump/status/1231062038979411970,False,,0,,,,,,,"[{'user_id': '25073877', 'username': 'realDonaldTrump'}, {'user_id': '759251', 'username': 'CNN'}, {'user_id': '26637348', 'username': 'TulsiGabbard'}]",,,,
1230982069301329920,1230982069301329920,1582323970000,2020-02-21,23:26:10,W. Europe Standard Time,25073877,realdonaldtrump,Donald J. Trump,,"Republicans are fighting for citizens from every background, every community, & every walk of life. We are the party of boundless optimism, excitement, energy & enthusiasm. We are welcoming Americans of all parties & political persuasions to join our incredible movement to #MAGA! pic.twitter.com/KeSW3yR4Mq",[],[],['https://pbs.twimg.com/media/ERVTqUZUcAESuL5.jpg'],11651,18750,66078,['#maga'],[],https://twitter.com/realDonaldTrump/status/1230982069301329920,False,,0,,,,,,,"[{'user_id': '25073877', 'username': 'realDonaldTrump'}]",,,,
1230979334237609984,1230979334237609984,1582323318000,2020-02-21,23:15:18,W. Europe Standard Time,25073877,realdonaldtrump,Donald J. Trump,,"THANK YOU Las Vegas, Nevada! I was delighted to be back in a state I love, with proud, hardworking PATRIOTS. With your help, this November, we are going to defeat the Radical Socialist Democrats, and we are going to win Nevada in a landslide! #KAG2020 https://www.pscp.tv/w/cSBNQDEzNTg4Mzh8MWt2SnBYekxMa2RKRRh82eeHq_6OEZFsdWGnAKLVJY17QscC4Eq_wudMTAQT?t=7s¬†‚Ä¶",[],['https://www.pscp.tv/w/cSBNQDEzNTg4Mzh8MWt2SnBYekxMa2RKRRh82eeHq_6OEZFsdWGnAKLVJY17QscC4Eq_wudMTAQT?t=7s'],[],5067,17457,66660,['#kag2020'],[],https://twitter.com/realDonaldTrump/status/1230979334237609984,False,,0,,,,,,,"[{'user_id': '25073877', 'username': 'realDonaldTrump'}]",,,,
1230936104234127360,1230936104234127360,1582313011000,2020-02-21,20:23:31,W. Europe Standard Time,25073877,realdonaldtrump,Donald J. Trump,,ON MY WAY! #KAG2020üá∫üá∏ pic.twitter.com/oubu6tCG4m,[],[],[],7704,17497,82457,['#kag2020'],[],https://twitter.com/realDonaldTrump/status/1230936104234127360,False,,1,,,,,,,"[{'user_id': '25073877', 'username': 'realDonaldTrump'}]",,,,
1230908583333597185,1230908583333597185,1582306450000,2020-02-21,18:34:10,W. Europe Standard Time,25073877,realdonaldtrump,Donald J. Trump,,"So @TeamCavuto has very bad ratings on @foxnews with his Fake guests like A.B.Stoddard and others that still haven‚Äôt figured it all out. Will he get the same treatment as his friend Shepherd Smith, who also suffered from the ratings drought?","['teamcavuto', 'foxnews']",[],[],14271,15940,71576,[],[],https://twitter.com/realDonaldTrump/status/1230908583333597185,False,,0,,,,,,,"[{'user_id': '25073877', 'username': 'realDonaldTrump'}, {'user_id': '223970563', 'username': 'TeamCavuto'}, {'user_id': '1367531', 'username': 'FoxNews'}]",,,,
1230889667853078528,1230889667853078528,1582301940000,2020-02-21,17:19:00,W. Europe Standard Time,25073877,realdonaldtrump,Donald J. Trump,,@SenateGOP Highest Trump Poll Numbers EVER! Thank you!,['senategop'],[],[],858,2022,6310,[],[],https://twitter.com/realDonaldTrump/status/1230889667853078528,False,,0,,,,,,,"[{'user_id': '25073877', 'username': 'realDonaldTrump'}, {'user_id': '14344823', 'username': 'SenateGOP'}]",,,,
1230884976977043456,1230884976977043456,1582300821000,2020-02-21,17:00:21,W. Europe Standard Time,25073877,realdonaldtrump,Donald J. Trump,,Mitch and I have made great progress. Coming back fast! https://twitter.com/senatemajldr/status/1230593711295418368¬†‚Ä¶,[],['https://twitter.com/senatemajldr/status/1230593711295418368'],[],4105,9268,37571,[],[],https://twitter.com/realDonaldTrump/status/1230884976977043456,False,https://twitter.com/senatemajldr/status/1230593711295418368,0,,,,,,,"[{'user_id': '25073877', 'username': 'realDonaldTrump'}]",,,,
1230882784937267202,1230882784937267202,1582300299000,2020-02-21,16:51:39,W. Europe Standard Time,25073877,realdonaldtrump,Donald J. Trump,,Four great candidates are under consideration at DNI. Decision within next few weeks!,[],[],[],4970,9288,45275,[],[],https://twitter.com/realDonaldTrump/status/1230882784937267202,False,,0,,,,,,,"[{'user_id': '25073877', 'username': 'realDonaldTrump'}]",,,,
1230881724445249536,1230881724445249536,1582300046000,2020-02-21,16:47:26,W. Europe Standard Time,25073877,realdonaldtrump,Donald J. Trump,,Great! https://twitter.com/petertatchell/status/1230516219582779394¬†‚Ä¶,[],['https://twitter.com/petertatchell/status/1230516219582779394'],[],3339,8265,41820,[],[],https://twitter.com/realDonaldTrump/status/1230881724445249536,False,https://twitter.com/PeterTatchell/status/1230516219582779394,0,,,,,,,"[{'user_id': '25073877', 'username': 'realDonaldTrump'}]",,,,
1230879049460764672,1230879049460764672,1582299408000,2020-02-21,16:36:48,W. Europe Standard Time,25073877,realdonaldtrump,Donald J. Trump,,"Another misinformation campaign is being launched by Democrats in Congress saying that Russia prefers me to any of the Do Nothing Democrat candidates who still have been unable to, after two weeks, count their votes in Iowa. Hoax number 7!",[],[],[],16960,23195,89978,[],[],https://twitter.com/realDonaldTrump/status/1230879049460764672,False,,0,,,,,,,"[{'user_id': '25073877', 'username': 'realDonaldTrump'}]",,,,
1230875946334318593,1230875946334318593,1582298668000,2020-02-21,16:24:28,W. Europe Standard Time,25073877,realdonaldtrump,Donald J. Trump,,"IF OUR FORMALLY TARGETED FARMERS NEED ADDITIONAL AID UNTIL SUCH TIME AS THE TRADE DEALS WITH CHINA, MEXICO, CANADA AND OTHERS FULLY KICK IN, THAT AID WILL BE PROVIDED BY THE FEDERAL GOVERNMENT, PAID FOR OUT OF THE MASSIVE TARIFF MONEY COMING INTO THE USA!",[],[],[],37691,25256,115286,[],[],https://twitter.com/realDonaldTrump/status/1230875946334318593,False,,0,,,,,,,"[{'user_id': '25073877', 'username': 'realDonaldTrump'}]",,,,
1230738935195688962,1230738935195688962,1582266002000,2020-02-21,07:20:02,W. Europe Standard Time,25073877,realdonaldtrump,Donald J. Trump,,‚ÄúShe should never have been on that jury. Everything about this stinks.‚Äù @JudgeJeanine @seanhannity @FoxNews,"['judgejeanine', 'seanhannity', 'foxnews']",[],[],8968,16556,69135,[],[],https://twitter.com/realDonaldTrump/status/1230738935195688962,False,,0,,,,,,,"[{'user_id': '25073877', 'username': 'realDonaldTrump'}, {'user_id': '29458079', 'username': 'JudgeJeanine'}, {'user_id': '41634520', 'username': 'seanhannity'}, {'user_id': '1367531', 'username': 'FoxNews'}]",,,,
1230738031985844224,1230738031985844224,1582265787000,2020-02-21,07:16:27,W. Europe Standard Time,25073877,realdonaldtrump,Donald J. Trump,,"Great Rally In Colorado. Thank you, will be back soon!",[],[],[],5286,14071,99174,[],[],https://twitter.com/realDonaldTrump/status/1230738031985844224,False,,0,,,,,,,"[{'user_id': '25073877', 'username': 'realDonaldTrump'}]",,,,
1230701508083122177,1230701508083122177,1582257079000,2020-02-21,04:51:19,W. Europe Standard Time,25073877,realdonaldtrump,Donald J. Trump,,"Thank you to our great US Ambassador to Germany, @RichardGrenell, for stepping in to serve as acting DNI. I will be nominating a terrific candidate for the job very soon. Stay tuned!",['richardgrenell'],[],[],6289,13592,65133,[],[],https://twitter.com/realDonaldTrump/status/1230701508083122177,False,,0,,,,,,,"[{'user_id': '25073877', 'username': 'realDonaldTrump'}, {'user_id': '90480218', 'username': 'RichardGrenell'}]",,,,
1230678480896937984,1230678480896937984,1582251589000,2020-02-21,03:19:49,W. Europe Standard Time,25073877,realdonaldtrump,Donald J. Trump,,"I was thrilled to be back in Colorado Springs tonight, beneath the majestic peaks of the Rocky Mountains, with thousands of terrific, hardworking American Patriots. With your help, this November, we are going to defeat the Radical Socialist Dems, and we are going to WIN Colorado! pic.twitter.com/uagWRzFlBs",[],[],"['https://pbs.twimg.com/media/ERQ_ioKU8AANkfk.jpg', 'https://pbs.twimg.com/media/ERQ_ioJU0AEoFtE.jpg', 'https://pbs.twimg.com/media/ERQ_ioYUEAA4S7W.jpg', 'https://pbs.twimg.com/media/ERQ_ipNUYAAOuKr.jpg']",7172,20149,81508,[],[],https://twitter.com/realDonaldTrump/status/1230678480896937984,False,,0,,,,,,,"[{'user_id': '25073877', 'username': 'realDonaldTrump'}]",,,,
1230637051520794625,1230637051520794625,1582241711000,2020-02-21,00:35:11,W. Europe Standard Time,25073877,realdonaldtrump,Donald J. Trump,,"Wow, thank you ‚Äî on my way!! https://twitter.com/teamtrump/status/1230581311464787968¬†‚Ä¶",[],['https://twitter.com/teamtrump/status/1230581311464787968'],[],7516,19526,92788,[],[],https://twitter.com/realDonaldTrump/status/1230637051520794625,False,https://twitter.com/TeamTrump/status/1230581311464787968,0,,,,,,,"[{'user_id': '25073877', 'username': 'realDonaldTrump'}]",,,,
1230636340141674497,1230636340141674497,1582241542000,2020-02-21,00:32:22,W. Europe Standard Time,25073877,realdonaldtrump,Donald J. Trump,,"Just arrived in Colorado, see everyone soon! pic.twitter.com/53jW6iKIjn",[],[],[],2664,11073,52392,[],[],https://twitter.com/realDonaldTrump/status/1230636340141674497,False,,1,,,,,,,"[{'user_id': '25073877', 'username': 'realDonaldTrump'}]",,,,
1230611451431153666,1230611451431153666,1582235608000,2020-02-20,22:53:28,W. Europe Standard Time,25073877,realdonaldtrump,Donald J. Trump,,"Could somebody at @foxnews please explain to Trump hater A.B. Stoddard (zero talent!) and @TeamCavuto, that I won every one of my debates, from beginning to end. Check the polls taken immediately after the debates. The debates got me elected. Must be Fox Board Member Paul Ryan!","['foxnews', 'teamcavuto']",[],[],19572,22413,88780,[],[],https://twitter.com/realDonaldTrump/status/1230611451431153666,False,,0,,,,,,,"[{'user_id': '25073877', 'username': 'realDonaldTrump'}, {'user_id': '1367531', 'username': 'FoxNews'}, {'user_id': '223970563', 'username': 'TeamCavuto'}]",,,,
1230600551131275264,1230600551131275264,1582233009000,2020-02-20,22:10:09,W. Europe Standard Time,25073877,realdonaldtrump,Donald J. Trump,,"It was my great honor to deliver the commencement address at the @LVMPD‚Äôs Hope for Prisoners Graduation Ceremony today, where we reaffirmed that America is a nation that believes in REDEMPTION! pic.twitter.com/WwJ5eHjTzl",['lvmpd'],[],[],3704,12214,46252,[],[],https://twitter.com/realDonaldTrump/status/1230600551131275264,False,,1,,,,,,,"[{'user_id': '25073877', 'username': 'realDonaldTrump'}, {'user_id': '26303146', 'username': 'LVMPD'}]",,,,
1230558752966762496,1230558752966762496,1582223044000,2020-02-20,19:24:04,W. Europe Standard Time,25073877,realdonaldtrump,Donald J. Trump,,‚ÄúThe real winner last night was Donald Trump.‚Äù Mini Mike Bloomberg. I agree!,[],[],[],6058,15590,82953,[],[],https://twitter.com/realDonaldTrump/status/1230558752966762496,False,,0,,,,,,,"[{'user_id': '25073877', 'username': 'realDonaldTrump'}]",,,,
1230557232615444482,1230557232615444482,1582222681000,2020-02-20,19:18:01,W. Europe Standard Time,25073877,realdonaldtrump,Donald J. Trump,,‚ÄúThe decision not to prosecute Andy McCabe is utterly inexplicable.‚Äù @Judgenap @HARRISFAULKNER @FoxNews,"['judgenap', 'harrisfaulkner', 'foxnews']",[],[],7487,16696,61238,[],[],https://twitter.com/realDonaldTrump/status/1230557232615444482,False,,0,,,,,,,"[{'user_id': '25073877', 'username': 'realDonaldTrump'}, {'user_id': '29216764', 'username': 'Judgenap'}, {'user_id': '18313747', 'username': 'HARRISFAULKNER'}, {'user_id': '1367531', 'username': 'FoxNews'}]",,,,
1230541046360104961,1230541046360104961,1582218822000,2020-02-20,18:13:42,W. Europe Standard Time,25073877,realdonaldtrump,Donald J. Trump,,"‚ÄúI don‚Äôt think there‚Äôs any chance whatsoever of Senator Sanders defeating President Trump.‚Äù Mini Mike Bloomberg. Mini, there‚Äôs even less chance, especially after watching your debate performance last night, of you winning the Democrat nomination...But I hope you do!",[],[],[],10456,21081,106382,[],[],https://twitter.com/realDonaldTrump/status/1230541046360104961,False,,0,,,,,,,"[{'user_id': '25073877', 'username': 'realDonaldTrump'}]",,,,
1230514772338069504,1230514772338069504,1582212558000,2020-02-20,16:29:18,W. Europe Standard Time,25073877,realdonaldtrump,Donald J. Trump,,"John Kerry and Senator Chris Murphy grossly violated the Logan Act with respect to Iran. If a Republican did what they did, there would be very serious ramifications!",[],[],[],13385,29473,111832,[],[],https://twitter.com/realDonaldTrump/status/1230514772338069504,False,,0,,,,,,,"[{'user_id': '25073877', 'username': 'realDonaldTrump'}]",,,,
1230513001054097415,1230513001054097415,1582212135000,2020-02-20,16:22:15,W. Europe Standard Time,25073877,realdonaldtrump,Donald J. Trump,,"‚ÄúThey say Roger Stone lied to Congress.‚Äù @CNN  OH, I see, but so did Comey (and he also leaked classified information, for which almost everyone, other than Crooked Hillary Clinton, goes to jail for a long time), and so did Andy McCabe, who also lied to the FBI! FAIRNESS?",['cnn'],[],[],22601,33086,114409,[],[],https://twitter.com/realDonaldTrump/status/1230513001054097415,False,,0,,,,,,,"[{'user_id': '25073877', 'username': 'realDonaldTrump'}, {'user_id': '759251', 'username': 'CNN'}]",,,,
1230495013634637827,1230495013634637827,1582207847000,2020-02-20,15:10:47,W. Europe Standard Time,25073877,realdonaldtrump,Donald J. Trump,,This makes Mini Mike look good compared to his performance last night. Worst debate performance in history! https://twitter.com/alx/status/1228891956652187648¬†‚Ä¶,[],['https://twitter.com/alx/status/1228891956652187648'],[],7935,18753,77568,[],[],https://twitter.com/realDonaldTrump/status/1230495013634637827,False,https://twitter.com/alx/status/1228891956652187648,0,,,,,,,"[{'user_id': '25073877', 'username': 'realDonaldTrump'}]",,,,
1230486093906116609,1230486093906116609,1582205720000,2020-02-20,14:35:20,W. Europe Standard Time,25073877,realdonaldtrump,Donald J. Trump,,A really great moment! https://twitter.com/DonaldJTrumpJr/status/1230295733422571521¬†‚Ä¶,[],['https://twitter.com/DonaldJTrumpJr/status/1230295733422571521'],[],2011,10114,43975,[],[],https://twitter.com/realDonaldTrump/status/1230486093906116609,False,https://twitter.com/DonaldJTrumpJr/status/1230295733422571521,0,,,,,,,"[{'user_id': '25073877', 'username': 'realDonaldTrump'}]",,,,
1230484215344451586,1230484215344451586,1582205272000,2020-02-20,14:27:52,W. Europe Standard Time,25073877,realdonaldtrump,Donald J. Trump,,"This is the REAL Mini Mike. He admitted, many times, that he is ‚Äúa fan of Donald Trump. He‚Äôs a New York ICON.‚Äù Thank you Mike! https://twitter.com/DanScavino/status/1230417635273129984¬†‚Ä¶",[],['https://twitter.com/DanScavino/status/1230417635273129984'],[],4773,18656,67307,[],[],https://twitter.com/realDonaldTrump/status/1230484215344451586,False,https://twitter.com/DanScavino/status/1230417635273129984,0,,,,,,,"[{'user_id': '25073877', 'username': 'realDonaldTrump'}]",,,,
1230471520553598976,1230471520553598976,1582202246000,2020-02-20,13:37:26,W. Europe Standard Time,25073877,realdonaldtrump,Donald J. Trump,,".@JRubinBlogger (Jennifer Rubin), the wacko ‚Äúconservative‚Äù of the @washingtonpost, must learn how to spell the name Bloomberg before it is too late & he is gone! https://twitter.com/eldon_katz/status/1230364562005938176¬†‚Ä¶","['jrubinblogger', 'washingtonpost']",['https://twitter.com/eldon_katz/status/1230364562005938176'],[],9178,8638,38120,[],[],https://twitter.com/realDonaldTrump/status/1230471520553598976,False,https://twitter.com/eldon_katz/status/1230364562005938176,0,,,,,,,"[{'user_id': '25073877', 'username': 'realDonaldTrump'}, {'user_id': '218975278', 'username': 'JRubinBlogger'}, {'user_id': '2467791', 'username': 'washingtonpost'}]",,,,
1230384588553211907,1230384588553211907,1582181520000,2020-02-20,07:52:00,W. Europe Standard Time,25073877,realdonaldtrump,Donald J. Trump,, pic.twitter.com/eXpCUQDwU5,[],[],[],7617,15396,47686,[],[],https://twitter.com/realDonaldTrump/status/1230384588553211907,False,,1,,,,,,,"[{'user_id': '25073877', 'username': 'realDonaldTrump'}]",,,,
1230376522663391232,1230376522663391232,1582179596000,2020-02-20,07:19:56,W. Europe Standard Time,25073877,realdonaldtrump,Donald J. Trump,,"Mini Mike Bloomberg‚Äôs debate performance tonight was perhaps the worst in the history of debates, and there have been some really bad ones. He was stumbling, bumbling and grossly incompetent. If this doesn‚Äôt knock him out of the race, nothing will. Not so easy to do what I did!",[],[],[],17627,25356,136368,[],[],https://twitter.com/realDonaldTrump/status/1230376522663391232,False,,0,,,,,,,"[{'user_id': '25073877', 'username': 'realDonaldTrump'}]",,,,
1230376132970631168,1230376132970631168,1582179504000,2020-02-20,07:18:24,W. Europe Standard Time,25073877,realdonaldtrump,Donald J. Trump,,"Thank you Arizona! With your help, your devotion, and your drive, we are going to keep on working, we are going to keep on fighting, and we are going to keep ON WINNING! America is thriving like never before, and the BEST IS YET TO COME! pic.twitter.com/e3tlNLzU7p",[],[],[],3033,19896,82500,[],[],https://twitter.com/realDonaldTrump/status/1230376132970631168,False,,1,,,,,,,"[{'user_id': '25073877', 'username': 'realDonaldTrump'}]",,,,
1230372246427860994,1230372246427860994,1582178577000,2020-02-20,07:02:57,W. Europe Standard Time,25073877,realdonaldtrump,Donald J. Trump,,‚ÄúWhat has happened to Roger Stone should never happen to anyone in our Country again.‚Äù @TuckerCarlson @FoxNews,"['tuckercarlson', 'foxnews']",[],[],6756,15250,69961,[],[],https://twitter.com/realDonaldTrump/status/1230372246427860994,False,,0,,,,,,,"[{'user_id': '25073877', 'username': 'realDonaldTrump'}, {'user_id': '22703645', 'username': 'TuckerCarlson'}, {'user_id': '1367531', 'username': 'FoxNews'}]",,,,
1230351482827853825,1230351482827853825,1582173626000,2020-02-20,05:40:26,W. Europe Standard Time,25073877,realdonaldtrump,Donald J. Trump,, pic.twitter.com/1XnhyX8jb2,[],[],[],2945,15697,61320,[],[],https://twitter.com/realDonaldTrump/status/1230351482827853825,False,,1,,,,,,,"[{'user_id': '25073877', 'username': 'realDonaldTrump'}]",,,,
1230349601854504961,1230349601854504961,1582173178000,2020-02-20,05:32:58,W. Europe Standard Time,25073877,realdonaldtrump,Donald J. Trump,,"The Democrat party is the party of high taxes, high crime, open borders, late-term abortion, socialism, blatant corruption, and the total destruction of your Second Amendment. The Republican Party is the party of the American Worker, the American Family, and the American Dream! pic.twitter.com/GhyS5MD8Q9",[],[],['https://pbs.twimg.com/media/ERMUbp4UEAA7zlC.jpg'],8810,22200,78481,[],[],https://twitter.com/realDonaldTrump/status/1230349601854504961,False,,0,,,,,,,"[{'user_id': '25073877', 'username': 'realDonaldTrump'}]",,,,
1230344927449501696,1230344927449501696,1582172064000,2020-02-20,05:14:24,W. Europe Standard Time,25073877,realdonaldtrump,Donald J. Trump,,"A beautiful evening in Phoenix, Arizona with Great American Patriots. THANK YOU! https://www.pscp.tv/w/cR3-NDEzNTg4Mzh8MXlOeGFRRE5neW54atVcbZhlfpyfqtt5Bi9ivwjfCCtygdrNebq4W2fR0bGc?t=3s¬†‚Ä¶",[],['https://www.pscp.tv/w/cR3-NDEzNTg4Mzh8MXlOeGFRRE5neW54atVcbZhlfpyfqtt5Bi9ivwjfCCtygdrNebq4W2fR0bGc?t=3s'],[],2790,14587,63185,[],[],https://twitter.com/realDonaldTrump/status/1230344927449501696,False,,0,,,,,,,"[{'user_id': '25073877', 'username': 'realDonaldTrump'}]",,,,
1230303229381971968,1230303229381971968,1582162122000,2020-02-20,02:28:42,W. Europe Standard Time,25073877,realdonaldtrump,Donald J. Trump,,Wow! https://twitter.com/teamtrump/status/1230254210928824329¬†‚Ä¶,[],['https://twitter.com/teamtrump/status/1230254210928824329'],[],7526,23067,105857,[],[],https://twitter.com/realDonaldTrump/status/1230303229381971968,False,https://twitter.com/TeamTrump/status/1230254210928824329,0,,,,,,,"[{'user_id': '25073877', 'username': 'realDonaldTrump'}]",,,,
1230287400762347521,1230287397377626112,1582158348000,2020-02-20,01:25:48,W. Europe Standard Time,25073877,realdonaldtrump,Donald J. Trump,,"....for the wonderful job he has done, and we look forward to working with him closely, perhaps in another capacity within the Administration!",[],[],[],1572,9493,44517,[],[],https://twitter.com/realDonaldTrump/status/1230287400762347521,False,,0,,,,,,,"[{'user_id': '25073877', 'username': 'realDonaldTrump'}]",,,,
1230287397377626112,1230287397377626112,1582158347000,2020-02-20,01:25:47,W. Europe Standard Time,25073877,realdonaldtrump,Donald J. Trump,,"I am pleased to announce that our highly respected Ambassador to Germany, @RichardGrenell, will become the Acting Director of National Intelligence. Rick has represented our Country exceedingly well and I look forward to working with him. I would like to thank Joe Maguire....",['richardgrenell'],[],[],8746,21359,90345,[],[],https://twitter.com/realDonaldTrump/status/1230287397377626112,False,,0,,,,,,,"[{'user_id': '25073877', 'username': 'realDonaldTrump'}, {'user_id': '90480218', 'username': 'RichardGrenell'}]",,,,
1230285216217886720,1230285216217886720,1582157827000,2020-02-20,01:17:07,W. Europe Standard Time,25073877,realdonaldtrump,Donald J. Trump,,"I AM ON MY WAY, SEE YOU SOON! https://twitter.com/KariLakeFox10/status/1230260022652784641¬†‚Ä¶",[],['https://twitter.com/KariLakeFox10/status/1230260022652784641'],[],5268,23876,119366,[],[],https://twitter.com/realDonaldTrump/status/1230285216217886720,False,https://twitter.com/KariLakeFox10/status/1230260022652784641,0,,,,,,,"[{'user_id': '25073877', 'username': 'realDonaldTrump'}]",,,,
1230280522363895809,1230280522363895809,1582156708000,2020-02-20,00:58:28,W. Europe Standard Time,25073877,realdonaldtrump,Donald J. Trump,,"Heading to Arizona, big rally and big crowd! #MAGA #KAG2020",[],[],[],3514,11053,61270,"['#maga', '#kag2020']",[],https://twitter.com/realDonaldTrump/status/1230280522363895809,False,,0,,,,,,,"[{'user_id': '25073877', 'username': 'realDonaldTrump'}]",,,,
1230186794576011264,1230186794576011264,1582134362000,2020-02-19,18:46:02,W. Europe Standard Time,25073877,realdonaldtrump,Donald J. Trump,,"Rod Blagojevich did not sell the Senate seat. He served 8 years in prison, with many remaining. He paid a big price. Another Comey and gang deal! Thank you to @LisaMarieBoothe who really ‚Äúgets‚Äù what‚Äôs going on! @FoxNews","['lisamarieboothe', 'foxnews']",[],[],19225,21368,83804,[],[],https://twitter.com/realDonaldTrump/status/1230186794576011264,False,,0,,,,,,,"[{'user_id': '25073877', 'username': 'realDonaldTrump'}, {'user_id': '121574367', 'username': 'LisaMarieBoothe'}, {'user_id': '1367531', 'username': 'FoxNews'}]",,,,
1230177751954382848,1230177751954382848,1582132206000,2020-02-19,18:10:06,W. Europe Standard Time,25073877,realdonaldtrump,Donald J. Trump,,"Internal REAL Polls show I am beating all of the Dem candidates. The Fake News Polls (here we go again, just like 2016) show losing or tied. Their polls will be proven corrupt on November 3rd, just like the Fake News is corrupt!",[],[],[],17409,25940,111500,[],[],https://twitter.com/realDonaldTrump/status/1230177751954382848,False,,0,,,,,,,"[{'user_id': '25073877', 'username': 'realDonaldTrump'}]",,,,
1230157993284530178,1230157993284530178,1582127495000,2020-02-19,16:51:35,W. Europe Standard Time,25073877,realdonaldtrump,Donald J. Trump,,"I would like to thank John Rood for his service to our Country, and wish him well in his future endeavors! https://twitter.com/JenniferJJacobs/status/1230148645728784385¬†‚Ä¶",[],['https://twitter.com/JenniferJJacobs/status/1230148645728784385'],[],2361,7680,33158,[],[],https://twitter.com/realDonaldTrump/status/1230157993284530178,False,https://twitter.com/JenniferJJacobs/status/1230148645728784385,0,,,,,,,"[{'user_id': '25073877', 'username': 'realDonaldTrump'}]",,,,
1230155765349928960,1230155765349928960,1582126964000,2020-02-19,16:42:44,W. Europe Standard Time,25073877,realdonaldtrump,Donald J. Trump,,"Highest Stock Market In History, By Far!",[],[],[],10047,18238,108927,[],[],https://twitter.com/realDonaldTrump/status/1230155765349928960,False,,0,,,,,,,"[{'user_id': '25073877', 'username': 'realDonaldTrump'}]",,,,
1230143683699175424,1230143683699175424,1582124083000,2020-02-19,15:54:43,W. Europe Standard Time,25073877,realdonaldtrump,Donald J. Trump,,"Is corrupt Bloomberg News going to say what a pathetic debater Mini Mike is, that he doesn‚Äôt respect our great farmers, or that he has violated campaign finance laws at the highest and most sinister level with ‚Äúpayoffs‚Äù all over the place?",[],[],[],24033,27374,118681,[],[],https://twitter.com/realDonaldTrump/status/1230143683699175424,False,,0,,,,,,,"[{'user_id': '25073877', 'username': 'realDonaldTrump'}]",,,,
1230141397094690818,1230141397094690818,1582123538000,2020-02-19,15:45:38,W. Europe Standard Time,25073877,realdonaldtrump,Donald J. Trump,,Kerry & Murphy illegally violated the Logan Act. This is why Iran is not making a deal. Must be dealt with strongly! https://twitter.com/tomfitton/status/1229965440878874627¬†‚Ä¶,[],['https://twitter.com/tomfitton/status/1229965440878874627'],[],5130,21386,59532,[],[],https://twitter.com/realDonaldTrump/status/1230141397094690818,False,https://twitter.com/TomFitton/status/1229965440878874627,0,,,,,,,"[{'user_id': '25073877', 'username': 'realDonaldTrump'}]",,,,
1230135934626058240,1230135934626058240,1582122236000,2020-02-19,15:23:56,W. Europe Standard Time,25073877,realdonaldtrump,Donald J. Trump,,"There must be JUSTICE. This can never happen to a President, or our Country, again! https://twitter.com/RepLeeZeldin/status/1229982311330066433¬†‚Ä¶",[],['https://twitter.com/RepLeeZeldin/status/1229982311330066433'],[],6191,17430,58680,[],[],https://twitter.com/realDonaldTrump/status/1230135934626058240,False,https://twitter.com/RepLeeZeldin/status/1229982311330066433,0,,,,,,,"[{'user_id': '25073877', 'username': 'realDonaldTrump'}]",,,,
1229921804992446464,1229921804992446464,1582071183000,2020-02-19,01:13:03,W. Europe Standard Time,25073877,realdonaldtrump,Donald J. Trump,,Congratulations to Eddie DeBartolo Jr. and your wonderful family of friends! pic.twitter.com/IJu93xjiQS,[],[],"['https://pbs.twimg.com/media/ERGPWJMUYAAOryH.jpg', 'https://pbs.twimg.com/media/ERGPWJNUwAA1liF.jpg', 'https://pbs.twimg.com/media/ERGPWJLUEAA-_Es.jpg', 'https://pbs.twimg.com/media/ERGPWJLUEAIb1qx.jpg']",6503,10998,50627,[],[],https://twitter.com/realDonaldTrump/status/1229921804992446464,False,,0,,,,,,,"[{'user_id': '25073877', 'username': 'realDonaldTrump'}]",,,,
1229897691590582273,1229897691590582273,1582065434000,2020-02-18,23:37:14,W. Europe Standard Time,25073877,realdonaldtrump,Donald J. Trump,,"...And this despite Fake Witch Hunts, the Mueller Scam, the Impeachment Hoax etc. With our Economy, Jobs, Military, Vets, 2A & more, I would be at 70%. Oh well, what can you do? https://twitter.com/realDonaldTrump/status/1229897661555212291¬†‚Ä¶",[],['https://twitter.com/realDonaldTrump/status/1229897661555212291'],[],10539,17546,69507,[],[],https://twitter.com/realDonaldTrump/status/1229897691590582273,False,https://twitter.com/realDonaldTrump/status/1229897661555212291,0,,,,,,,"[{'user_id': '25073877', 'username': 'realDonaldTrump'}]",,,,
1229897661555212291,1229897661555212291,1582065427000,2020-02-18,23:37:07,W. Europe Standard Time,25073877,realdonaldtrump,Donald J. Trump,,THANK YOU! #MAGA #KAG2020 pic.twitter.com/uWMjL52f5O,[],[],['https://pbs.twimg.com/media/ERF5ZD2UYAAQEt3.jpg'],3599,10972,50559,"['#maga', '#kag2020']",[],https://twitter.com/realDonaldTrump/status/1229897661555212291,False,,0,,,,,,,"[{'user_id': '25073877', 'username': 'realDonaldTrump'}]",,,,
1229894633280266240,1229894633280266240,1582064705000,2020-02-18,23:25:05,W. Europe Standard Time,25073877,realdonaldtrump,Donald J. Trump,,"I hope the Federal Judges Association will discuss the tremendous FISA Court abuse that has taken place with respect to the Mueller Investigation Scam, including the forging of documents and knowingly using the fake and totally discredited Dossier before the Court. Thank you!",[],[],[],9895,28159,103442,[],[],https://twitter.com/realDonaldTrump/status/1229894633280266240,False,,0,,,,,,,"[{'user_id': '25073877', 'username': 'realDonaldTrump'}]",,,,
1229888362841985025,1229888362841985025,1582063210000,2020-02-18,23:00:10,W. Europe Standard Time,25073877,realdonaldtrump,Donald J. Trump,,"Mini Mike. No, I would rather run against you!",[],[],[],12247,16894,101549,[],[],https://twitter.com/realDonaldTrump/status/1229888362841985025,False,,0,,,,,,,"[{'user_id': '25073877', 'username': 'realDonaldTrump'}]",,,,
1229871184193282048,1229871176614199296,1582059114000,2020-02-18,21:51:54,W. Europe Standard Time,25073877,realdonaldtrump,Donald J. Trump,,".....Mini is illegally buying the Democrat Nomination. They are taking it away from Bernie again. Mini Mike, Major Party Nominations are not for sale! Good luck in the debate tomorrow night and remember, no standing on boxes!",[],[],[],10467,17543,72558,[],[],https://twitter.com/realDonaldTrump/status/1229871184193282048,False,,0,,,,,,,"[{'user_id': '25073877', 'username': 'realDonaldTrump'}]",,,,
1229871176614199296,1229871176614199296,1582059113000,2020-02-18,21:51:53,W. Europe Standard Time,25073877,realdonaldtrump,Donald J. Trump,,"What Mini Mike is doing is nothing less than a large scale illegal campaign contribution. He is ‚Äúspreading‚Äù money all over the place, only to have recipients of his cash payments, many former opponents, happily joining or supporting his campaign. Isn‚Äôt that called a payoff? .....",[],[],[],22366,27357,110507,[],[],https://twitter.com/realDonaldTrump/status/1229871176614199296,False,,0,,,,,,,"[{'user_id': '25073877', 'username': 'realDonaldTrump'}]",,,,
1229866940912398336,1229866940912398336,1582058103000,2020-02-18,21:35:03,W. Europe Standard Time,25073877,realdonaldtrump,Donald J. Trump,,"Chris Jacobs will be a great Congressman who will always fight for the people of New York. He supports our #MAGA Agenda, will continue to Secure Our Border, Loves our Military, Vets, and is Strong on the #2A. Chris has my Complete Endorsement for the Special Election on 4/28!",[],[],[],2330,11643,45392,"['#maga', '#2a']",[],https://twitter.com/realDonaldTrump/status/1229866940912398336,False,,0,,,,,,,"[{'user_id': '25073877', 'username': 'realDonaldTrump'}]",,,,
1229863299358945281,1229863299358945281,1582057234000,2020-02-18,21:20:34,W. Europe Standard Time,25073877,realdonaldtrump,Donald J. Trump,,"The Mayor‚Äôs efforts to shield illegal aliens endangers the lives of the public and law enforcement who have to go into the field to apprehend those released. He shouldn‚Äôt be urging illegals to beat the system, he should be urging them to safely turn themselves in! https://twitter.com/mayorofla/status/1228497500039811072¬†‚Ä¶",[],['https://twitter.com/mayorofla/status/1228497500039811072'],[],10665,23665,74660,[],[],https://twitter.com/realDonaldTrump/status/1229863299358945281,False,https://twitter.com/MayorOfLA/status/1228497500039811072,0,,,,,,,"[{'user_id': '25073877', 'username': 'realDonaldTrump'}]",,,,
1229790568110268424,1229790563668504576,1582039894000,2020-02-18,16:31:34,W. Europe Standard Time,25073877,realdonaldtrump,Donald J. Trump,,".....would order a new trial, I‚Äôm not so sure about Judge Jackson, I don‚Äôt know.‚Äù @Judgenap (Andrew Napolitano) @foxandfriends","['judgenap', 'foxandfriends']",[],[],1829,9076,35616,[],[],https://twitter.com/realDonaldTrump/status/1229790568110268424,False,,0,,,,,,,"[{'user_id': '25073877', 'username': 'realDonaldTrump'}, {'user_id': '29216764', 'username': 'Judgenap'}, {'user_id': '15513604', 'username': 'foxandfriends'}]",,,,
1229790566721957891,1229790563668504576,1582039894000,2020-02-18,16:31:34,W. Europe Standard Time,25073877,realdonaldtrump,Donald J. Trump,,.....existence of these tweets in which you were so harshly negative about the President & the people who support him. Don‚Äôt you think we wanted to know that before we put you on this jury.‚Äô Pretty obvious he should (get a new trial). I think almost any judge in the Country.....,[],[],[],1108,9792,38219,[],[],https://twitter.com/realDonaldTrump/status/1229790566721957891,False,,0,,,,,,,"[{'user_id': '25073877', 'username': 'realDonaldTrump'}]",,,,
1229790563668504576,1229790563668504576,1582039893000,2020-02-18,16:31:33,W. Europe Standard Time,25073877,realdonaldtrump,Donald J. Trump,,"‚ÄúJudge Jackson now has a request for a new trial based on the unambiguous & self outed bias of the foreperson of the jury, whose also a lawyer, by the way. ‚ÄòMadam foreperson, you‚Äôre a lawyer, you have a duty, an affirmative obligation, to reveal to us when we selected you the....",[],[],[],4606,15912,60479,[],[],https://twitter.com/realDonaldTrump/status/1229790563668504576,False,,0,,,,,,,"[{'user_id': '25073877', 'username': 'realDonaldTrump'}]",,,,
1229790102949449728,1229790099866603521,1582039783000,2020-02-18,16:29:43,W. Europe Standard Time,25073877,realdonaldtrump,Donald J. Trump,,....THE UNITED STATES IS OPEN FOR BUSINESS!,[],[],[],3321,10074,39490,[],[],https://twitter.com/realDonaldTrump/status/1229790102949449728,False,,0,,,,,,,"[{'user_id': '25073877', 'username': 'realDonaldTrump'}]",,,,
1229790101728899073,1229790099866603521,1582039783000,2020-02-18,16:29:43,W. Europe Standard Time,25073877,realdonaldtrump,Donald J. Trump,,"....I have seen some of the regulations being circulated, including those being contemplated by Congress, and they are ridiculous. I want to make it EASY to do business with the United States, not difficult. Everyone in my Administration is being so instructed, with no excuses...",[],[],[],823,8652,34839,[],[],https://twitter.com/realDonaldTrump/status/1229790101728899073,False,,0,,,,,,,"[{'user_id': '25073877', 'username': 'realDonaldTrump'}]",,,,
1229790100797739008,1229790099866603521,1582039783000,2020-02-18,16:29:43,W. Europe Standard Time,25073877,realdonaldtrump,Donald J. Trump,,"....product and goods to China and other countries. That‚Äôs what trade is all about. We don‚Äôt want to make it impossible to do business with us. That will only mean that orders will go to someplace else. As an example, I want China to buy our jet engines, the best in the World....",[],[],[],318,3652,12979,[],[],https://twitter.com/realDonaldTrump/status/1229790100797739008,False,,0,,,,,,,"[{'user_id': '25073877', 'username': 'realDonaldTrump'}]",,,,
1229790099866603521,1229790099866603521,1582039782000,2020-02-18,16:29:42,W. Europe Standard Time,25073877,realdonaldtrump,Donald J. Trump,,"The United States cannot, & will not, become such a difficult place to deal with in terms of foreign countries buying our product, including for the always used National Security excuse, that our companies will be forced to leave in order to remain competitive. We want to sell...",[],[],[],2151,12425,49727,[],[],https://twitter.com/realDonaldTrump/status/1229790099866603521,False,,0,,,,,,,"[{'user_id': '25073877', 'username': 'realDonaldTrump'}]",,,,
1229767823595012096,1229767823595012096,1582034471000,2020-02-18,15:01:11,W. Europe Standard Time,25073877,realdonaldtrump,Donald J. Trump,,"The Crooked DNC is working overtime to take the Democrat Nomination away from Bernie, AGAIN! Watch what happens to the Super Delegates in Round Two. A Rigged Convention!",[],[],[],12830,21708,92709,[],[],https://twitter.com/realDonaldTrump/status/1229767823595012096,False,,0,,,,,,,"[{'user_id': '25073877', 'username': 'realDonaldTrump'}]",,,,
1229756039475683328,1229756032693473280,1582031662000,2020-02-18,14:14:22,W. Europe Standard Time,25073877,realdonaldtrump,Donald J. Trump,,....BUT MAYBE I STILL WILL. WITCH HUNT!,[],[],[],6532,11754,45394,[],[],https://twitter.com/realDonaldTrump/status/1229756039475683328,False,,0,,,,,,,"[{'user_id': '25073877', 'username': 'realDonaldTrump'}]",,,,
1229756038469079040,1229756032693473280,1582031661000,2020-02-18,14:14:21,W. Europe Standard Time,25073877,realdonaldtrump,Donald J. Trump,,"....badly tainted and, in my opinion, should be thrown out. Even Mueller‚Äôs statement to Congress that he did not see me to become the FBI Director (again), has been proven false. The whole deal was a total SCAM. If I wasn‚Äôt President, I‚Äôd be suing everyone all over the place...",[],[],[],3541,12582,47971,[],[],https://twitter.com/realDonaldTrump/status/1229756038469079040,False,,0,,,,,,,"[{'user_id': '25073877', 'username': 'realDonaldTrump'}]",,,,
1229756032693473280,1229756032693473280,1582031660000,2020-02-18,14:14:20,W. Europe Standard Time,25073877,realdonaldtrump,Donald J. Trump,,"These were Mueller prosecutors, and the whole Mueller investigation was illegally set up based on a phony and now fully discredited Fake Dossier, lying and forging documents to the FISA Court, and many other things. Everything having to do with this fraudulent investigation is...",[],[],[],7676,18372,66215,[],[],https://twitter.com/realDonaldTrump/status/1229756032693473280,False,,0,,,,,,,"[{'user_id': '25073877', 'username': 'realDonaldTrump'}]",,,,
1229752040039108608,1229752034460606464,1582030708000,2020-02-18,13:58:28,W. Europe Standard Time,25073877,realdonaldtrump,Donald J. Trump,,".....would order a new trial, I‚Äôm not so sure about Judge Jackson, I don‚Äôt know.‚Äù @Judgenap (Andrew Napolitano) @foxandfriends","['judgenap', 'foxandfriends']",[],[],3384,10802,44522,[],[],https://twitter.com/realDonaldTrump/status/1229752040039108608,False,,0,,,,,,,"[{'user_id': '25073877', 'username': 'realDonaldTrump'}, {'user_id': '29216764', 'username': 'Judgenap'}, {'user_id': '15513604', 'username': 'foxandfriends'}]",,,,
1229752039040782336,1229752034460606464,1582030708000,2020-02-18,13:58:28,W. Europe Standard Time,25073877,realdonaldtrump,Donald J. Trump,,.....existence of these tweets in which you were so harshly negative about the President & the people who support him. Don‚Äôt you think we wanted to know that before we put you on this jury.‚Äô Pretty obvious he should (get a new trial). I think almost any judge in the Country.....,[],[],[],1555,11393,47226,[],[],https://twitter.com/realDonaldTrump/status/1229752039040782336,False,,0,,,,,,,"[{'user_id': '25073877', 'username': 'realDonaldTrump'}]",,,,
1229752034460606464,1229752034460606464,1582030707000,2020-02-18,13:58:27,W. Europe Standard Time,25073877,realdonaldtrump,Donald J. Trump,,"‚ÄúJudge Jackson now has a request for a new trial based on the unambiguous & self outed bias of the foreperson of the jury, whose also a lawyer, by the way. ‚ÄòMadam foreperson, your a lawyer, you have a duty, an affirmative obligation, to reveal to us when we selected you the.....",[],[],[],12018,19239,76769,[],[],https://twitter.com/realDonaldTrump/status/1229752034460606464,False,,0,,,,,,,"[{'user_id': '25073877', 'username': 'realDonaldTrump'}]",,,,
1229616977825738752,1229616977825738752,1581998507000,2020-02-18,05:01:47,W. Europe Standard Time,25073877,realdonaldtrump,Donald J. Trump,,Thank you Clint! https://twitter.com/clintbowyer/status/1229175088433573888¬†‚Ä¶,[],['https://twitter.com/clintbowyer/status/1229175088433573888'],[],3679,19839,126913,[],[],https://twitter.com/realDonaldTrump/status/1229616977825738752,False,https://twitter.com/ClintBowyer/status/1229175088433573888,0,,,,,,,"[{'user_id': '25073877', 'username': 'realDonaldTrump'}]",,,,
1229604453822672896,1229604453822672896,1581995521000,2020-02-18,04:12:01,W. Europe Standard Time,25073877,realdonaldtrump,Donald J. Trump,,"Praying for Ryan Newman, a great and brave @NASCAR driver! #PrayingForRyan",['nascar'],[],[],5162,28900,164716,['#prayingforryan'],[],https://twitter.com/realDonaldTrump/status/1229604453822672896,False,,0,,,,,,,"[{'user_id': '25073877', 'username': 'realDonaldTrump'}, {'user_id': '49153854', 'username': 'NASCAR'}]",,,,
1229551222648168450,1229551220248936451,1581982830000,2020-02-18,00:40:30,W. Europe Standard Time,25073877,realdonaldtrump,Donald J. Trump,,"....ever. Had to rebuild our military, which was totally depleted. Fed Rate UP, taxes and regulations WAY DOWN. If Dems won in 2016, the USA would be in big economic (Depression?) & military trouble right now. THE BEST IS YET TO COME. KEEP AMERICA GREAT!",[],[],[],16877,25142,111132,[],[],https://twitter.com/realDonaldTrump/status/1229551222648168450,False,,0,,,,,,,"[{'user_id': '25073877', 'username': 'realDonaldTrump'}]",,,,
1229551220248936451,1229551220248936451,1581982829000,2020-02-18,00:40:29,W. Europe Standard Time,25073877,realdonaldtrump,Donald J. Trump,,"Did you hear the latest con job? President Obama is now trying to take credit for the Economic Boom taking place under the Trump Administration. He had the WEAKEST recovery since the Great Depression, despite Zero Fed Rate & MASSIVE quantitative easing. NOW, best jobs numbers....",[],[],[],59213,45801,195977,[],[],https://twitter.com/realDonaldTrump/status/1229551220248936451,False,,0,,,,,,,"[{'user_id': '25073877', 'username': 'realDonaldTrump'}]",,,,
1229519051514355713,1229519051514355713,1581975159000,2020-02-17,22:32:39,W. Europe Standard Time,25073877,realdonaldtrump,Donald J. Trump,, pic.twitter.com/MQWM6Y9c4D,[],[],[],8920,27506,105827,[],[],https://twitter.com/realDonaldTrump/status/1229519051514355713,False,,1,,,,,,,"[{'user_id': '25073877', 'username': 'realDonaldTrump'}]",,,,
1229517316188246025,1229517316188246025,1581974746000,2020-02-17,22:25:46,W. Europe Standard Time,25073877,realdonaldtrump,Donald J. Trump,,Completion of the Daytona 500 on Fox Network now. Enjoy!,[],[],[],5089,13043,90346,[],[],https://twitter.com/realDonaldTrump/status/1229517316188246025,False,,0,,,,,,,"[{'user_id': '25073877', 'username': 'realDonaldTrump'}]",,,,
1229423626438533122,1229423626438533122,1581952408000,2020-02-17,16:13:28,W. Europe Standard Time,25073877,realdonaldtrump,Donald J. Trump,,"‚ÄúThey tried to Impeach the President eight times before this last Impeachment trial that we went through. In Arizona, people are tired of their obstruction, their investigations, and their Impeachments. They want them to get to work.‚Äù @SenMcSallyAZ @foxandfriends  Thanks Martha","['senmcsallyaz', 'foxandfriends']",[],[],13427,23373,104206,[],[],https://twitter.com/realDonaldTrump/status/1229423626438533122,False,,0,,,,,,,"[{'user_id': '25073877', 'username': 'realDonaldTrump'}, {'user_id': '2964949642', 'username': 'SenMcSallyAZ'}, {'user_id': '15513604', 'username': 'foxandfriends'}]",,,,
1229409252344811521,1229409252344811521,1581948981000,2020-02-17,15:16:21,W. Europe Standard Time,25073877,realdonaldtrump,Donald J. Trump,,HAPPY PRESIDENT‚ÄôS DAY!,[],[],[],52027,48226,366418,[],[],https://twitter.com/realDonaldTrump/status/1229409252344811521,False,,0,,,,,,,"[{'user_id': '25073877', 'username': 'realDonaldTrump'}]",,,,
1229204331112603649,1229204331112603649,1581900124000,2020-02-17,01:42:04,W. Europe Standard Time,25073877,realdonaldtrump,Donald J. Trump,,#DAYTONA500 pic.twitter.com/fT8L0EZqXh,[],[],[],22428,60743,274722,['#daytona500'],[],https://twitter.com/realDonaldTrump/status/1229204331112603649,False,,1,,,,,,,"[{'user_id': '25073877', 'username': 'realDonaldTrump'}]",,,,
1229091017732784134,1229091017732784134,1581873108000,2020-02-16,18:11:48,W. Europe Standard Time,25073877,realdonaldtrump,Donald J. Trump,,"Last week the Fake News said that a section of our powerful, under construction, Southern Border Wall ‚Äúfell over‚Äù, trying to make it sound terrible, except the reason was that the concrete foundation was just poured & soaking wet when big winds kicked in. Quickly fixed ‚Äúforever‚Äù.",[],[],[],30246,31971,162226,[],[],https://twitter.com/realDonaldTrump/status/1229091017732784134,False,,0,,,,,,,"[{'user_id': '25073877', 'username': 'realDonaldTrump'}]",,,,
1229064138820931586,1229064138820931586,1581866700000,2020-02-16,16:25:00,W. Europe Standard Time,25073877,realdonaldtrump,Donald J. Trump,,Getting ready to go to the Daytona 500. Will be GREAT!,[],[],[],17261,26379,195436,[],[],https://twitter.com/realDonaldTrump/status/1229064138820931586,False,,0,,,,,,,"[{'user_id': '25073877', 'username': 'realDonaldTrump'}]",,,,
1228811405907955712,1228811405907955712,1581806444000,2020-02-15,23:40:44,W. Europe Standard Time,25073877,realdonaldtrump,Donald J. Trump,,"Thank you to @JackBrewerBSI for your kind words on the great progress we have made on our powerful African-American Agenda. For one, lowest unemployment numbers in USA history. Many other great records!  @foxandfriends @FoxNews","['jackbrewerbsi', 'foxandfriends', 'foxnews']",[],[],3220,11086,47461,[],[],https://twitter.com/realDonaldTrump/status/1228811405907955712,False,,0,,,,,,,"[{'user_id': '25073877', 'username': 'realDonaldTrump'}, {'user_id': '78685709', 'username': 'JackBrewerBSI'}, {'user_id': '15513604', 'username': 'foxandfriends'}, {'user_id': '1367531', 'username': 'FoxNews'}]",,,,
1228810227321069571,1228810227321069571,1581806163000,2020-02-15,23:36:03,W. Europe Standard Time,25073877,realdonaldtrump,Donald J. Trump,,BIG PROGRESS! https://twitter.com/GOPChairwoman/status/1228714742132465664¬†‚Ä¶,[],['https://twitter.com/GOPChairwoman/status/1228714742132465664'],[],1988,9986,39592,[],[],https://twitter.com/realDonaldTrump/status/1228810227321069571,False,https://twitter.com/GOPChairwoman/status/1228714742132465664,0,,,,,,,"[{'user_id': '25073877', 'username': 'realDonaldTrump'}]",,,,
1228810073171951621,1228810073171951621,1581806126000,2020-02-15,23:35:26,W. Europe Standard Time,25073877,realdonaldtrump,Donald J. Trump,,"Remember, will be at Daytona 500 tomorrow!",[],[],[],13381,22107,144945,[],[],https://twitter.com/realDonaldTrump/status/1228810073171951621,False,,0,,,,,,,"[{'user_id': '25073877', 'username': 'realDonaldTrump'}]",,,,
1228808910213132290,1228808910213132290,1581805849000,2020-02-15,23:30:49,W. Europe Standard Time,25073877,realdonaldtrump,Donald J. Trump,,"Years ago the Democrats had the money to build the Wall, but they didn‚Äôt have any idea how to get it done. I am building it bigger and better than ever thought possible! https://twitter.com/TeamTrump/status/1228417685739966464¬†‚Ä¶",[],['https://twitter.com/TeamTrump/status/1228417685739966464'],[],10102,17650,71640,[],[],https://twitter.com/realDonaldTrump/status/1228808910213132290,False,https://twitter.com/TeamTrump/status/1228417685739966464,0,,,,,,,"[{'user_id': '25073877', 'username': 'realDonaldTrump'}]",,,,
